Unnamed: 0,Unnamed: 1,Unnamed: 2,Unnamed: 3,Unnamed: 4,Unnamed: 5
BUKU BESAR,,,,,
PENDAPATAN JASA,,,,,
NO,TRANSAKSI,DEBET,KREDIT,SALDO,KET
1,,,,0,
2,pendapatan jasa Piutang dari bank BUKOPIN,,0,0,
,pendapatan jasa Piutang dari bank BRK,,88820800,88820800,
,pendapatan jasa Piutang dari Kas,,480000,89300800,
,,,,89300800,
,,,,89300800,
,,,,,
PENDAPATAN ADM,,,,,
NO,TRANSAKSI,DEBET,KREDIT,SALDO,KET
1,,,,0,
2,,0,2191500,2191500,
,,0,0,2191500,
,,0,0,2191500,
,,,,2191500,
,,,,,
PENDAPATAN ADM,,,,,
NO,TRANSAKSI,DEBET,KREDIT,SALDO,KET
1,,,,0,
2,,0,0,0,
,,0,0,0,
,,0,0,0,
,,,,0,
,,,,,
FEE PUPUK,,,,,
NO,TRANSAKSI,DEBET,KREDIT,SALDO,KET
1,,,,0,
2,,0,0,0,
,,0,0,0,
,,0,0,0,
,,,,0,
,,,,,
FEE BRI + BPD,,,,,
NO,TRANSAKSI,DEBET,KREDIT,SALDO,KET
1,,,,0,
2,,0,0,0,
,,0,0,0,
,,0,0,0,
,,,,0,
,,,,,
PENDAPATAN JASA BANK,,,,,
NO,TRANSAKSI,DEBET,KREDIT,SALDO,KET
1,,,,0,
2,Pendapatan Bunga Bank BUKOPIN,0,0,0,
,Pendapatan Bunga Bank BRK,0,420627,420627,
,,0,0,420627,
,,,,420627,
,,,,,
HONOR PENGURUS,,,,,
NO,TRANSAKSI,DEBET,KREDIT,SALDO,KET
1,,,,0,
2,gaji pengurus,13950000,0,13950000,
,,0,0,13950000,
,,0,0,13950000,
,,,,13950000,
,,,,,
HONOR BADAN PENGAWAS,,,,,
NO,TRANSAKSI,DEBET,KREDIT,SALDO,KET
1,,,,0,
2,gaji Badan Pengawas,0,0,0,
,,0,0,0,
,,0,0,0,
,,,,0,
,,,,,
,,,,,
,,,,,
HONOR KARYAWAN CS,,,,,
NO,TRANSAKSI,DEBET,KREDIT,SALDO,KET
1,,,,0,
2,gaji karyawan,2200000,0,2200000,
,,0,0,2200000,
,,0,0,2200000,
,,,,2200000,
,,,,,
BIAYA ADM BANK,,,,,
NO,TRANSAKSI,DEBET,KREDIT,SALDO,KET
1,,,0,0,
,BIAYA ADM BANK BUKOPIN,0,0,0,
,BIAYA ADM BANK BRK,0,0,0,
,,0,0,0,
,,,,0,
,,,,,
BIAYA BUNGA PAJAK BANK,,,,,
NO,TRANSAKSI,DEBET,KREDIT,SALDO,KET
1,,,,0,
,BIAYA BUNGA PAJAK BANK BUKOPIN,0,0,0,
,BIAYA BUNGA PAJAK BANK BRK,83028,0,83028,
,,0,0,83028,
,,,,83028,
,,,,,
BIAYA ATK,,,,,
NO,TRANSAKSI,DEBET,KREDIT,SALDO,KET
1,,,0,0,
,biaya ATK melalui Kas,3249000,0,3249000,
,biaya ATK melalui Bank,0,0,3249000,
,,0,0,3249000,
,,,,3249000,
,,,,,
,,,,,
,,,,,
BIAYA DANA SOSIAL,,,,,
NO,TRANSAKSI,DEBET,KREDIT,SALDO,KET
1,,,0,0,
,biaya sumbangan,500000,0,500000,
,,0,0,500000,
,,0,0,500000,
,,,,500000,
,,,,,
BIAYA PELATIHAN,,,,,
NO,TRANSAKSI,DEBET,KREDIT,SALDO,KET
1,,,,0,
,,0,0,0,
,,0,0,0,
,,0,0,0,
,,,,0,
,,,,,
BIAYA  RAPAT KONSUMSI,,,,,
NO,TRANSAKSI,DEBET,KREDIT,SALDO,KET
1,,,,0,
,biaya rapat konsumsi,3000000,0,3000000,
,,0,0,3000000,
,,0,0,3000000,
,,,,3000000,
,,,,,
BIAYA THR ANGGOTA,,,,,
NO,TRANSAKSI,DEBET,KREDIT,SALDO,KET
1,,,,0,
2,THR Angggota,24900000,0,24900000,
,,0,0,24900000,
,,0,0,24900000,
,,,,24900000,
,,,,,
,,,,,
,,,,,
BIAYA LAINLAIN OLEH PENGURUS LAMA,,,,,
NO,TRANSAKSI,DEBET,KREDIT,SALDO,KET
1,,,,0,
,BIAYA LAINLAIN OLEH PENGURUS LAMA,0,0,0,
,,0,0,0,
,,0,0,0,
,,,,0,
,,,,,
BIAYA pengembalian piutang,,,,,
NO,TRANSAKSI,DEBET,KREDIT,SALDO,KET
1,,,,0,
2,,0,0,0,
,,0,0,0,
,,0,0,0,
,,,,0,
,,,,,
BIAYA TRANSPORTASI,,,,,
NO,TRANSAKSI,DEBET,KREDIT,SALDO,KET
1,,,,0,
2,Biaya Transportasi,0,0,0,
,,0,0,0,
,,0,0,0,
,,,,0,
,,,,,
BIAYA RAT,,,,,
NO,TRANSAKSI,DEBET,KREDIT,SALDO,KET
1,,,,0,
2,Biaya RAT TB 2023,3500000,0,3500000,
,,0,0,3500000,
,,0,0,3500000,
,,,,3500000,
,,,,,
,,,,,
,,,,,
BIAYA SERVIS PRINTER,,,,,
NO,TRANSAKSI,DEBET,KREDIT,SALDO,KET
1,,,,0,
2,BIAYA SERVIS PRINTER,350000,0,350000,
,,0,0,350000,
,,0,0,350000,
,,,,350000,
,,,,,
BIAYA PENYUSUTAN PERALATAN KANTOR,,,,,
NO,TRANSAKSI,DEBET,KREDIT,SALDO,KET
1,,,,0,
2,,0,0,0,
,,0,0,0,
,,0,0,0,
,,,,0,
,,,,,
BIAYA PENYUSUTAN GUDANG PUPUK,,,,,
NO,TRANSAKSI,DEBET,KREDIT,SALDO,KET
1,,,,0,
2,,0,0,0,
,,0,0,0,
,,0,0,0,
,,,,0,
,,,,,
BIAYA OPERASIONAL,,,,,
NO,TRANSAKSI,DEBET,KREDIT,SALDO,KET
1,,,,0,
2,BIAYA OPERASIONAL,10000000,0,10000000,
,,0,0,10000000,
,,0,0,10000000,
,,,,10000000,
,,,,,
Biaya Pembukuan Rekapan Laporan 2019-2024,,,,,
NO,TRANSAKSI,DEBET,KREDIT,SALDO,KET
1,,,,0,
2,Biaya Pembukuan Rekapan Laporan 2019-2024,,0,,
,,0,0,,
,,0,0,,
,,,,,
,,,,,
Pembelian Sarung Mesjid,,,,,
NO,TRANSAKSI,DEBET,KREDIT,SALDO,KET
1,,,,0,
2,Pembelian Sarung Mesjid,0,0,0,
,,0,0,0,
,,0,0,0,
,,,,0,
,,0,0,0,
,,,,0,
